"Id","UserId","UserName","Email","UserStatus","PairId","TeamId"
1,"d18d97ee-4034-40a3-99aa-95f4a8a40226","test1","test1@example.com","ACTIVE","413b1afb-9675-49ba-9615-5f03f29adc1c","315b4766-bd70-4084-b91f-850f242953af"
2,"9669a94f-6afb-447e-b76d-be37956d7dd2","test2","test2@example.com","ACTIVE","413b1afb-9675-49ba-9615-5f03f29adc1c","315b4766-bd70-4084-b91f-850f242953af"
3,"ffa0c412-157e-49e3-bfb2-5b71071fc003","test3","test3@example.com","ACTIVE","545a3bec-3a5d-4047-b59c-aca8bb74fefb","315b4766-bd70-4084-b91f-850f242953af"
4,"add2589e-fc47-4495-b093-4301ff52bee4","test4","test4@example.com","ACTIVE","545a3bec-3a5d-4047-b59c-aca8bb74fefb","315b4766-bd70-4084-b91f-850f242953af"
5,"f5d68717-abfc-4871-b2da-04d2468de055","test5","test5@example.com","ACTIVE","c3d644f9-c8d5-45a0-8ca5-5d6dd20556b2","37194894-fee5-4ee1-9373-1f112bc7e401"
6,"ef1a7553-1d46-4a1e-99df-3df79ff57663","test6","test6@example.com","ACTIVE","c3d644f9-c8d5-45a0-8ca5-5d6dd20556b2","37194894-fee5-4ee1-9373-1f112bc7e401"
7,"3af8efb9-e17a-4619-81bb-5a84d263ecbc","test7","test7@example.com","ACTIVE","c3d644f9-c8d5-45a0-8ca5-5d6dd20556b2","37194894-fee5-4ee1-9373-1f112bc7e401"
8,"c94f6203-d30f-40f2-888a-604088ca8144","test8","test8@example.com","ACTIVE","413b1afb-9675-49ba-9615-5f03f29adc1c","315b4766-bd70-4084-b91f-850f242953af"
9,"42f10819-f385-434e-8b37-9dcce775f885","test9","test9@example.com","ACTVIE","545a3bec-3a5d-4047-b59c-aca8bb74fefb","315b4766-bd70-4084-b91f-850f242953af"
